<?xml version="1.0" encoding="UTF-8"?>
<project name="Flexible Search exercise tasks">

	<loadproperties srcfile="../lib/exercise.properties" />

	<!-- Import stop-server and clean-slate targets -->
	<import file="../lib/utility.xml"/>

	<path id="basedir.path">
		<pathelement path="${basedir}" />
	</path>
	<pathconvert property="currentDir" targetos="unix" refid="basedir.path" />

	<!-- import task definitions to support if/then/else -->
	<taskdef resource="net/sf/antcontrib/antcontrib.properties">
		<classpath>
			<pathelement location="../lib/ant-contrib-1.0b3.jar" />
		</classpath>
	</taskdef>

	<!--variables -->
	<property name="extension.name" value="trainingflexiblesearch" />
	<property name="setup.source.dir" value="setup" />
	<property name="solution.source.dir" value="solution" />
	<property name="target.resdir" value="${hybris.root.path}/bin/custom/${extension.name}/resources/" />
	<property name="target.javadir" value="${hybris.root.path}/bin/custom/${extension.name}/src/" />


	<!--###### Flexible Search Exercise - Setup ######-->

	<target name="setup" depends="generate_extension" description="Generate extension">
		<!-- Create target directories -->
		<mkdir dir="${target.javadir}/my/commerce/${extension.name}/dao/impl"/>

		<!-- copy Java source code -->
		<copy file="${setup.source.dir}/myOrderDao.java" tofile="${target.javadir}/my/commerce/${extension.name}/dao/MyOrderDao.java" overwrite="true" />
		<copy file="${setup.source.dir}/myOrderDaoImpl.java" tofile="${target.javadir}/my/commerce/${extension.name}/dao/impl/MyOrderDaoImpl.java" overwrite="true" />
	</target>



	<!--###### Flexible Search Exercise - Solution ######-->


	<target name="solution" depends="generate_extension" description="copy completed Example exercise">

		<!-- Create target directories -->
		<mkdir dir="${target.javadir}/my/commerce/${extension.name}/dao/impl"/>

		<!-- copy Java source code -->
		<copy file="${solution.source.dir}/myOrderDao.java" tofile="${target.javadir}/my/commerce/${extension.name}/dao/MyOrderDao.java" overwrite="true" />
		<copy file="${solution.source.dir}/myOrderDaoImpl.java" tofile="${target.javadir}/my/commerce/${extension.name}/dao/impl/MyOrderDaoImpl.java" overwrite="true" />

		<!-- now copy Spring file -->
		<copy file="${solution.source.dir}/${extension.name}-spring.xml" tofile="${target.resdir}/${extension.name}-spring.xml" overwrite="true" />

		<!-- build the platform -->
		<ant antfile="build.xml" target="all" dir="${hybris.root.path}/bin/platform">
		</ant>

	</target>


	<!--###### Example Exercise - utility targets ######-->

	<target name="generate_extension" depends="stop-server" description="create fresh extension">

        <!-- Reset system back to a clean slate (state following setup) -->
        <antcall target="clean-slate"/>

        <!-- create archive directory if not already present -->
		<mkdir dir="${installation.folder}/archive"/>

		<!-- if extension already present in custom, timestamp and move to archive directory -->
		<if>
		    <available file="${hybris.root.path}/bin/custom/${extension.name}" type="dir" />
		    <then>
                <!-- archive wcms folder (if present) -->
                <tstamp>
        	        <format property="TIMESTAMP" pattern="yyyy.MM.dd_hh.mm"/>
                </tstamp>
                <move file="${hybris.root.path}/bin/custom/${extension.name}"
        	        tofile="${installation.folder}/archive/${extension.name}_${TIMESTAMP}"/>
        	</then>
        </if>

		<!-- remove ${extension.name} from localextensions.xml (if present) -->
		<java classpath="../lib/groovy-all-1.0-2.5.4.jar" classname="groovy.ui.GroovyMain">
			<!-- <arg value="update_localextensions.groovy"/> -->
			<arg value="../lib/update_localextensions.groovy"/>
			<arg value="remove"/>
			<arg value="${extension.name}"/>
			<arg value="${hybris.root.path}/config/localextensions.xml"/>
		</java>

		<!-- clean the platform -->
		<ant antfile="build.xml" target="clean" dir="${hybris.root.path}/bin/platform" />

		<!-- generate the example extension -->
		<ant antfile="build.xml" target="extgen" dir="${hybris.root.path}/bin/platform">
			<property name="input.template" value="yempty" />
			<property name="input.name" value="${extension.name}" />
			<property name="input.package" value="my.commerce.${extension.name}" />
			<property name="ext.yempty.path" value="${yempty.dir}" />
		</ant>

		<!-- add ${extension.name} to localextensions.xml -->
		<java classpath="../lib/groovy-all-1.0-2.5.4.jar" classname="groovy.ui.GroovyMain">
			<arg value="../lib/update_localextensions.groovy"/>
			<arg value="add"/>
			<arg value="${extension.name}"/>
			<arg value="${hybris.root.path}/config/localextensions.xml"/>
		</java>

		<!-- defer building the platform -->

	</target>

</project>
