<?xml version="1.0" encoding="UTF-8"?>
<!-- [y] hybris Platform Copyright (c) 2000-2014 hybris AG All rights reserved. 
	This software is the confidential and proprietary information of hybris ("Confidential 
	Information"). You shall not disclose such Confidential Information and shall 
	use it only in accordance with the terms of the license agreement you entered 
	into with hybris. -->

<beans xmlns="http://www.springframework.org/schema/beans"
	xmlns:xsi="http://www.w3.org/2001/XMLSchema-instance"
	xsi:schemaLocation="http://www.springframework.org/schema/beans http://www.springframework.org/schema/beans/spring-beans.xsd
        http://www.springframework.org/schema/context
           http://www.springframework.org/schema/context/spring-context-3.0.xsd"
	xmlns:context="http://www.springframework.org/schema/context">
	<context:component-scan base-package="my.bookstore.core"></context:component-scan>


	<!-- Spring Integration -->
	<import
		resource="classpath:/bookstorecore/integration/hot-folder-store-electronics-spring.xml" />
	<import
		resource="classpath:/bookstorecore/integration/hot-folder-store-apparel-spring.xml" />
	<import
		resource="classpath:/bookstorecore/integration/hot-folder-common-spring.xml" />


	<!-- SystemSetup for the BookstoreCore -->
	<bean id="acceleratorCoreSystemSetup" class="my.bookstore.core.setup.CoreSystemSetup"
		parent="abstractCoreSystemSetup" />

	<!-- Solr field value providers -->

	<bean id="electronicsCategorySource" parent="abstractCategorySource">
		<property name="rootCategory" value="1" />
		<!-- '1' is the root icecat category -->
	</bean>
	<bean id="electronicsBrandCategorySource" parent="abstractCategorySource">
		<property name="rootCategory" value="brands" />
		<!-- 'brands' is the root of the brands hierarchy -->
	</bean>

	<bean id="apparelCategorySource" parent="abstractCategorySource">
		<property name="rootCategory" value="categories" />
		<!-- 'categories' is the root apparel category -->
	</bean>
	<bean id="apparelBrandCategorySource" parent="abstractCategorySource">
		<property name="rootCategory" value="brands" />
		<!-- 'brands' is the root of the brands hierarchy -->
	</bean>
	<bean id="apparelCollectionCategorySource" parent="abstractCategorySource">
		<property name="rootCategory" value="collections" /> <!-- 'collections' is the root of the collections hierarchy -->
	</bean>

	<bean id="abstractCategoryCodeValueProvider" abstract="true"
		class="de.hybris.platform.commerceservices.search.solrfacetsearch.provider.impl.CategoryCodeValueProvider"
		parent="abstractPropertyFieldValueProvider">
		<property name="fieldNameProvider" ref="solrFieldNameProvider" />
		<property name="commonI18NService" ref="commonI18NService" />
	</bean>
	<bean id="abstractCategoryNameValueProvider" abstract="true"
		class="de.hybris.platform.commerceservices.search.solrfacetsearch.provider.impl.CategoryNameValueProvider"
		parent="abstractPropertyFieldValueProvider">
		<property name="fieldNameProvider" ref="solrFieldNameProvider" />
		<property name="commonI18NService" ref="commonI18NService" />
	</bean>

	<bean id="electronicsCategoryCodeValueProvider" parent="abstractCategoryCodeValueProvider">
		<property name="categorySource" ref="electronicsCategorySource" />
	</bean>
	<bean id="electronicsBrandCategoryCodeValueProvider" parent="abstractCategoryCodeValueProvider">
		<property name="categorySource" ref="electronicsBrandCategorySource" />
	</bean>
	<bean id="electronicsCategoryNameValueProvider" parent="abstractCategoryNameValueProvider">
		<property name="categorySource" ref="electronicsCategorySource" />
	</bean>
	<bean id="electronicsBrandCategoryNameValueProvider" parent="abstractCategoryNameValueProvider">
		<property name="categorySource" ref="electronicsBrandCategorySource" />
	</bean>

	<bean id="apparelCategoryCodeValueProvider" parent="abstractCategoryCodeValueProvider">
		<property name="categorySource" ref="apparelCategorySource" />
	</bean>
	<bean id="apparelBrandCategoryCodeValueProvider" parent="abstractCategoryCodeValueProvider">
		<property name="categorySource" ref="apparelBrandCategorySource" />
	</bean>
	<bean id="apparelCollectionCategoryCodeValueProvider" parent="abstractCategoryCodeValueProvider">
		<property name="categorySource" ref="apparelCollectionCategorySource" />
	</bean>
	<bean id="apparelCategoryNameValueProvider" parent="abstractCategoryNameValueProvider">
		<property name="categorySource" ref="apparelCategorySource" />
	</bean>
	<bean id="apparelBrandCategoryNameValueProvider" parent="abstractCategoryNameValueProvider">
		<property name="categorySource" ref="apparelBrandCategorySource" />
	</bean>
	<bean id="apparelCollectionCategoryNameValueProvider" parent="abstractCategoryNameValueProvider">
		<property name="categorySource" ref="apparelCollectionCategorySource" />
	</bean>

	<bean id="image515ValueProvider" parent="abstractImageValueProvider">
		<property name="mediaFormat" value="515Wx515H" />
	</bean>
	<bean id="image300ValueProvider" parent="abstractImageValueProvider">
		<property name="mediaFormat" value="300Wx300H" />
	</bean>
	<bean id="image96ValueProvider" parent="abstractImageValueProvider">
		<property name="mediaFormat" value="96Wx96H" />
	</bean>
	<bean id="image65ValueProvider" parent="abstractImageValueProvider">
		<property name="mediaFormat" value="65Wx65H" />
	</bean>
	<bean id="image30ValueProvider" parent="abstractImageValueProvider">
		<property name="mediaFormat" value="30Wx30H" />
	</bean>

	<bean id="productUrlValueProvider"
		class="de.hybris.platform.commerceservices.search.solrfacetsearch.provider.impl.ProductUrlValueProvider"
		parent="abstractPropertyFieldValueProvider">
		<property name="urlResolver" ref="productModelUrlResolver" />
		<property name="fieldNameProvider" ref="solrFieldNameProvider" />
		<property name="i18nService" ref="i18nService" />
		<property name="commonI18NService" ref="commonI18NService" />
	</bean>

	<bean id="promotionCodeValueProvider"
		class="de.hybris.platform.commerceservices.search.solrfacetsearch.provider.impl.PromotionCodeValueProvider"
		parent="abstractPropertyFieldValueProvider">
		<property name="promotionsService" ref="promotionsService" />
		<property name="fieldNameProvider" ref="solrFieldNameProvider" />
	</bean>

	<bean id="promotionImageValueProvider"
		class="de.hybris.platform.commerceservices.search.solrfacetsearch.provider.impl.PrimaryPromotionImageValueProvider"
		parent="abstractPropertyFieldValueProvider">
		<property name="promotionsService" ref="promotionsService" />
		<property name="fieldNameProvider" ref="solrFieldNameProvider" />
	</bean>

	<bean id="colorFacetValueProvider"
		class="my.bookstore.core.search.solrfacetsearch.provider.impl.ColorFacetValueProvider"
		parent="abstractPropertyFieldValueProvider">
		<property name="fieldNameProvider" ref="solrFieldNameProvider" />
	</bean>

	<bean id="colorFacetDisplayNameProvider"
		class="my.bookstore.core.search.solrfacetsearch.provider.impl.ColorFacetDisplayNameProvider">
		<property name="enumerationService" ref="enumerationService" />
		<property name="i18nService" ref="i18nService" />
		<property name="commonI18NService" ref="commonI18NService" />
	</bean>

	<bean id="apparelPointOfServiceFacetDisplayNameProvider"
		class="my.bookstore.core.search.solrfacetsearch.provider.impl.PointOfServiceFacetDisplayNameProvider">
		<property name="pointOfServiceService" ref="pointOfServiceService" />
	</bean>

	<bean id="electronicsPointOfServiceFacetDisplayNameProvider"
		class="my.bookstore.core.search.solrfacetsearch.provider.impl.PointOfServiceFacetDisplayNameProvider">
		<property name="pointOfServiceService" ref="pointOfServiceService" />
	</bean>

	<bean id="genderValueProvider"
		class="my.bookstore.core.search.solrfacetsearch.provider.impl.GenderValueProvider"
		parent="abstractPropertyFieldValueProvider">
		<property name="fieldNameProvider" ref="solrFieldNameProvider" />
	</bean>

	<bean id="genderFacetDisplayNameProvider"
		class="my.bookstore.core.search.solrfacetsearch.provider.impl.GenderFacetDisplayNameProvider">
		<property name="enumerationService" ref="enumerationService" />
		<property name="i18nService" ref="i18nService" />
		<property name="commonI18NService" ref="commonI18NService" />
	</bean>

	<!-- Event listeners are singletons, therefore the dependency for a bean 
		in tenant-scope must be configured with a lookup method. -->
	<bean id="orderCancelledEventListener" class="my.bookstore.core.event.OrderCancelledEventListener"
		parent="abstractSiteEventListener">
		<property name="modelService" ref="modelService" />
		<property name="businessProcessService" ref="businessProcessService" />
	</bean>
	<bean id="orderRefundEventListener" class="my.bookstore.core.event.OrderRefundEventListener"
		parent="abstractSiteEventListener">
		<property name="modelService" ref="modelService" />
		<property name="businessProcessService" ref="businessProcessService" />
	</bean>
	<bean id="customerRegistrationEventListener" class="my.bookstore.core.event.RegistrationEventListener"
		parent="abstractSiteEventListener">
		<property name="modelService" ref="modelService" />
		<property name="businessProcessService" ref="businessProcessService" />
	</bean>
	<bean id="forgottenPasswordEventListener" class="my.bookstore.core.event.ForgottenPasswordEventListener"
		parent="abstractSiteEventListener">
		<property name="modelService" ref="modelService" />
		<property name="businessProcessService" ref="businessProcessService" />
	</bean>
	<bean id="submitOrderEventListener" class="my.bookstore.core.event.SubmitOrderEventListener"
		parent="abstractSiteEventListener">
		<property name="businessProcessService" ref="businessProcessService" />
		<property name="modelService" ref="modelService" />
		<property name="baseStoreService" ref="baseStoreService" />
	</bean>
	<bean id="orderConfirmationEventListener" class="my.bookstore.core.event.OrderConfirmationEventListener"
		parent="abstractSiteEventListener">
		<property name="modelService" ref="modelService" />
		<property name="businessProcessService" ref="businessProcessService" />
	</bean>
	<bean id="sendDeliveryMessageEventListener"
		class="my.bookstore.core.event.SendDeliveryMessageEventListener"
		parent="abstractEventListener">
		<property name="modelService" ref="modelService" />
		<property name="businessProcessService" ref="businessProcessService" />
	</bean>
	<bean id="sendReadyForPickupMessageEventListener"
		class="my.bookstore.core.event.SendReadyForPickupMessageEventListener"
		parent="abstractEventListener">
		<property name="modelService" ref="modelService" />
		<property name="businessProcessService" ref="businessProcessService" />
	</bean>
	<bean id="sendOrderPartiallyCanceledMessageEventListener"
		class="my.bookstore.core.event.SendOrderPartiallyCanceledMessageEventListener"
		parent="abstractEventListener">
		<property name="modelService" ref="modelService" />
		<property name="businessProcessService" ref="businessProcessService" />
	</bean>
	<bean id="sendOrderPartiallyRefundedMessageEventListener"
		class="my.bookstore.core.event.SendOrderPartiallyRefundedMessageEventListener"
		parent="abstractEventListener">
		<property name="modelService" ref="modelService" />
		<property name="businessProcessService" ref="businessProcessService" />
	</bean>
	<bean id="sendNotPickedUpConsignmentCanceledMessageEventListener"
		class="my.bookstore.core.event.SendNotPickedUpConsignmentCanceledMessageEventListener"
		parent="abstractEventListener">
		<property name="modelService" ref="modelService" />
		<property name="businessProcessService" ref="businessProcessService" />
	</bean>
	<bean id="orderCompletedEventListener" class="my.bookstore.core.event.OrderCompletedEventListener"
		parent="abstractSiteEventListener">
		<property name="modelService" ref="modelService" />
		<property name="businessProcessService" ref="businessProcessService" />
	</bean>

	<!-- Process resources definition -->

	<bean id="customerRegistrationEmailProcessDefinitionResource"
		class="de.hybris.platform.processengine.definition.ProcessDefinitionResource">
		<property name="resource"
			value="classpath:/bookstorecore/processes/customerRegistrationEmailProcess.xml" />
	</bean>
	<bean id="forgottenPasswordEmailProcessDefinitionResource"
		class="de.hybris.platform.processengine.definition.ProcessDefinitionResource">
		<property name="resource"
			value="classpath:/bookstorecore/processes/forgottenPasswordEmailProcess.xml" />
	</bean>
	<bean id="orderConfirmationEmailProcessDefinitionResource"
		class="de.hybris.platform.processengine.definition.ProcessDefinitionResource">
		<property name="resource"
			value="classpath:/bookstorecore/processes/orderConfirmationEmailProcess.xml" />
	</bean>
	<bean id="sendDeliveryEmailProcessDefinitionResource"
		class="de.hybris.platform.processengine.definition.ProcessDefinitionResource">
		<property name="resource"
			value="classpath:/bookstorecore/processes/sendDeliveryEmailProcess.xml" />
	</bean>
	<bean id="sendReadyForPickupEmailProcessDefinitionResource"
		class="de.hybris.platform.processengine.definition.ProcessDefinitionResource">
		<property name="resource"
			value="classpath:/bookstorecore/processes/sendReadyForPickupEmailProcess.xml" />
	</bean>
	<bean id="sendOrderCancelledEmailProcessDefinitionResource"
		class="de.hybris.platform.processengine.definition.ProcessDefinitionResource">
		<property name="resource"
			value="classpath:/bookstorecore/processes/sendOrderCancelledEmailProcess.xml" />
	</bean>
	<bean id="sendOrderRefundEmailProcessDefinitionResource"
		class="de.hybris.platform.processengine.definition.ProcessDefinitionResource">
		<property name="resource"
			value="classpath:/bookstorecore/processes/sendOrderRefundEmailProcess.xml" />
	</bean>
	<bean id="sendOrderPartiallyCanceledEmailProcessDefinitionResource"
		class="de.hybris.platform.processengine.definition.ProcessDefinitionResource">
		<property name="resource"
			value="classpath:/bookstorecore/processes/sendOrderPartiallyCanceledEmailProcess.xml" />
	</bean>
	<bean id="sendOrderPartiallyRefundedEmailProcessDefinitionResource"
		class="de.hybris.platform.processengine.definition.ProcessDefinitionResource">
		<property name="resource"
			value="classpath:/bookstorecore/processes/sendOrderPartiallyRefundedEmailProcess.xml" />
	</bean>
	<bean
		id="sendNotPickedUpConsignmentCanceledEmailProcessDefinitionResource"
		class="de.hybris.platform.processengine.definition.ProcessDefinitionResource">
		<property name="resource"
			value="classpath:/bookstorecore/processes/sendNotPickedUpConsignmentCanceledEmailProcess.xml" />
	</bean>

	<!-- Actions -->
	<bean id="abstractAction" class="de.hybris.platform.processengine.action.AbstractAction"
		abstract="true">
		<property name="modelService" ref="modelService" />
		<property name="processParameterHelper" ref="processParameterHelper" />
	</bean>

	<bean id="sendEmail"
		class="de.hybris.platform.acceleratorservices.process.email.actions.SendEmailAction"
		parent="abstractAction">
		<property name="emailService" ref="emailService" />
	</bean>

	<bean id="abstractGenerateEmailAction"
		class="de.hybris.platform.acceleratorservices.process.email.actions.GenerateEmailAction"
		parent="abstractAction" abstract="true">
		<property name="modelService" ref="modelService" />
		<property name="cmsEmailPageService" ref="cmsEmailPageService" />
		<property name="contextResolutionStrategy" ref="processContextResolutionStrategy" />
		<property name="emailGenerationService" ref="emailGenerationService" />
	</bean>

	<bean id="generateCustomerRegistrationEmail" parent="abstractGenerateEmailAction">
		<property name="frontendTemplateName" value="CustomerRegistrationEmailTemplate" />
	</bean>

	<bean id="generateForgottenPasswordEmail" parent="abstractGenerateEmailAction">
		<property name="frontendTemplateName" value="ForgottenPasswordEmailTemplate" />
	</bean>

	<bean id="generateOrderConfirmationEmail" parent="abstractGenerateEmailAction">
		<property name="frontendTemplateName" value="OrderConfirmationEmailTemplate" />
	</bean>

	<bean id="generateDeliverySentEmail" parent="abstractGenerateEmailAction">
		<property name="frontendTemplateName" value="DeliverySentEmailTemplate" />
	</bean>

	<bean id="generateReadyForPickupEmail" parent="abstractGenerateEmailAction">
		<property name="frontendTemplateName" value="ReadyForPickupEmailTemplate" />
	</bean>

	<bean id="generateOrderCancelledEmail" parent="abstractGenerateEmailAction">
		<property name="frontendTemplateName" value="OrderCancelledEmailTemplate" />
	</bean>

	<bean id="generateOrderRefundEmail" parent="abstractGenerateEmailAction">
		<property name="frontendTemplateName" value="OrderRefundEmailTemplate" />
	</bean>

	<bean id="generateOrderPartiallyCanceledEmail" parent="abstractGenerateEmailAction">
		<property name="frontendTemplateName" value="OrderPartiallyCanceledEmailTemplate" />
	</bean>
	<bean id="generateOrderPartiallyRefundedEmail" parent="abstractGenerateEmailAction">
		<property name="frontendTemplateName" value="OrderPartiallyRefundedEmailTemplate" />
	</bean>
	<bean id="generateNotPickedUpConsignmentCanceledEmail" parent="abstractGenerateEmailAction">
		<property name="frontendTemplateName" value="NotPickedUpConsignmentCanceledEmailTemplate" />
	</bean>

	<bean id="removeSentEmail"
		class="de.hybris.platform.acceleratorservices.process.email.actions.RemoveSentEmailAction"
		parent="abstractAction">
		<property name="modelService" ref="modelService" />
	</bean>

	<!-- Simple Suggestion Service -->
	<alias alias="simpleSuggestionService" name="defaultSimpleSuggestionService" />
	<bean id="defaultSimpleSuggestionService"
		class="my.bookstore.core.suggestion.impl.DefaultSimpleSuggestionService">
		<property name="simpleSuggestionDao" ref="simpleSuggestionDao" />
	</bean>
	<alias alias="simpleSuggestionDao" name="defaultSimpleSuggestionDao" />
	<bean id="defaultSimpleSuggestionDao"
		class="my.bookstore.core.suggestion.dao.impl.DefaultSimpleSuggestionDao"
		parent="abstractItemDao">
		<property name="flexibleSearchService" ref="flexibleSearchService" />
	</bean>

	<bean id="mccSiteUrlHelper" class="my.bookstore.core.util.MccSiteUrlHelper">
		<property name="siteBaseUrlResolutionService" ref="siteBaseUrlResolutionService" />
		<property name="cmsSiteService" ref="cmsSiteService" />
	</bean>


	<!-- Product Reference Lookup Strategies -->
	<alias name="apparelCrossSellingProductReferenceTargetStrategy"
		alias="crossSellingProductReferenceTargetStrategy" />
	<bean id="apparelCrossSellingProductReferenceTargetStrategy"
		parent="defaultCrossSellingProductReferenceTargetStrategy">
		<property name="productReferenceTargetStrategies">
			<list merge="true">
				<ref bean="apparelSizeProductReferenceTargetStrategy" />
			</list>
		</property>
	</bean>

	<bean id="apparelSizeProductReferenceTargetStrategy"
		class="my.bookstore.core.strategies.impl.ApparelSizeProductReferenceTargetStrategy">
		<property name="commerceCategoryService" ref="commerceCategoryService" />
		<property name="rootCategoryCode" value="categories" />
	</bean>
	
	
	<!-- bookstore specific configuration -->
	
	<bean name="rewardStatusLevelConfigurationDao"
		class="de.hybris.platform.servicelayer.internal.dao.DefaultGenericDao">
		<constructor-arg
			value="#{T(my.bookstore.core.model.RewardStatusLevelConfigurationModel). _TYPECODE}" />
	</bean>

	<alias alias="rentalDao" name="defaultRentalDao" />
	<bean id="defaultRentalDao" class="my.bookstore.core.daos.impl.DefaultRentalDao"
		parent="abstractItemDao">
	</bean>

	<bean name="customerDao"
		class="de.hybris.platform.servicelayer.internal.dao.DefaultGenericDao">
		<constructor-arg
			value="#{T(de.hybris.platform.core.model.user.CustomerModel). _TYPECODE}" />
	</bean>
	
	<alias alias="bookstoreCustomerAccountService" name="defaultBookstoreCustomerAccountService" />
	<bean id="defaultBookstoreCustomerAccountService"
		class="my.bookstore.core.services.impl.DefaultBookstoreCustomerAccountService"
		parent="defaultCustomerAccountService">
		<property name="customerDao" ref="customerDao"/>
	</bean>
	
	<alias alias="rentalService" name="defaultRentalService" />
	<bean id="defaultRentalService"
		class="my.bookstore.core.services.impl.DefaultRentalService">
		<property name="rentalDao" ref="rentalDao" />
	</bean>
	
	<alias alias="bookstoreEmailService" name="defaultbookstoreEmailService" />
	<bean id="defaultbookstoreEmailService"
		class="my.bookstore.core.services.impl.DefaultBookstoreEmailService">
		<property name="emailService" ref="emailService" />
		<property name="sendEmails" value="false"></property>
		<property name="customerDao" ref="customerDao"/>
	</bean>
	
	<!-- TODO exercise 7.1 : define job bean -->
	
</beans>
